Model,Accuracy,Train Time (s),Prediction Time (s)
Random Forest,0.9973267988416128,17.626336097717285,0.512829065322876
Gradient Boosting,0.9959901982624193,699.7050447463989,0.35199594497680664
Decision Tree,0.9954332813544219,27.67138409614563,0.1163175106048584
SVM (Linear),0.9946535976832257,2.9039225578308105,0.019548654556274414
Logistic Regression,0.9900868790376476,1.775505781173706,0.014396429061889648
Naive Bayes (Multinomial),0.9522165292938294,0.11295390129089355,0.019092082977294922
K-Nearest Neighbors,0.8944085542437068,0.6093857288360596,66.23930215835571
